url,text
https://git-scm.com/docs/git-config,git-config[1]
https://git-scm.com/docs/git-fast-export,git-fast-export[1]
https://git-scm.com/docs/git-fast-import,git-fast-import[1]
https://git-scm.com/docs/git-filter-branch,git-filter-branch[1]
https://git-scm.com/docs/git-mergetool,git-mergetool[1]
https://git-scm.com/docs/git-pack-refs,git-pack-refs[1]
https://git-scm.com/docs/git-prune,git-prune[1]
https://git-scm.com/docs/git-reflog,git-reflog[1]
https://git-scm.com/docs/git-refs,git-refs[1]
https://git-scm.com/docs/git-remote,git-remote[1]
https://git-scm.com/docs/git-repack,git-repack[1]
https://git-scm.com/docs/git-replace,git-replace[1]
https://git-scm.com/docs/git-annotate,git-annotate[1]
https://git-scm.com/docs/git-blame,git-blame[1]
https://git-scm.com/docs/git-bugreport,git-bugreport[1]
https://git-scm.com/docs/git-count-objects,git-count-objects[1]
https://git-scm.com/docs/git-diagnose,git-diagnose[1]
https://git-scm.com/docs/git-difftool,git-difftool[1]
https://git-scm.com/docs/git-fsck,git-fsck[1]
https://git-scm.com/docs/git-help,git-help[1]
https://git-scm.com/docs/git-instaweb,git-instaweb[1]
https://git-scm.com/docs/git-merge-tree,git-merge-tree[1]
https://git-scm.com/docs/git-rerere,git-rerere[1]
https://git-scm.com/docs/git-show-branch,git-show-branch[1]
https://git-scm.com/docs/git-verify-commit,git-verify-commit[1]
https://git-scm.com/docs/git-verify-tag,git-verify-tag[1]
https://git-scm.com/docs/git-version,git-version[1]
https://git-scm.com/docs/git-whatchanged,git-whatchanged[1]
https://git-scm.com/docs/gitweb,gitweb[1]
